ADENILSO DA SILVA SIMAO;9836776931160228;2014;2018
AFONSO PAIVA NETO;9274817658247444;2014;2018
AGMA JUCI MACHADO TRAINA;5136155977351408;2014;2018
ALEXANDRE CLAUDIO BOTAZZO DELBEM;1201079310363734;2014;2018
ALNEU DE ANDRADE LOPES;9140990601961322;2014;2018
ALYSSON MACHADO COSTA;9546302784474665;2014;2018
ANDRE CARLOS PONCE DE LEON FERREIRA DE CARVALHO;9674541381385819;2014;2018
ANTONIO CASTELO FILHO;9890260144844047;2014;2018
CAETANO TRAINA JUNIOR;5118629875846648;2014;2018
CLAUDIO FABIANO MOTTA TOLEDO;0359360551958223;2014;2018
CRISTINA DUTRA DE AGUIAR CIFERRI;8713285339065842;2014;2018
DENIS FERNANDO WOLF;8948846267711214;2014;2018
DIEGO RAPHAEL AMANCIO;8763967270082717;2014;2018
DILVAN DE ABREU MOREIRA;6806241288652019;2014;2018
EDSON DOS SANTOS MOREIRA;0145887238250184;2014;2018
EDUARDO FONTOURA COSTA;5106492431042243;2014;2018
EDUARDO MARQUES;1916886621452638;2014;2018
ELAINE PARROS MACHADO DE SOUSA;6253898580239376;2014;2018
ELIAS SALOMAO HELOU NETO;5434724108176150;2014;2018
ELISA YUMI NAKAGAWA;7494142007764616;2014;2018
ELLEN FRANCINE BARBOSA;7913302545613108;2014;2018
FABRICIO SIMEONI DE SOUSA;1361624597372651;2014;2018
FERNANDO SANTOS OSORIO;7396818382676736;2014;2018
FERNANDO VIEIRA PAULOVICH;4328003866597876;2014;2018
FRANCISCO APARECIDO RODRIGUES;2153014839354888;2014;2018
FRANCISCO JOSE MONACO;7489482613903725;2014;2018
FRANKLINA MARIA BRAGION DE TOLEDO;3197500103141618;2014;2018
GUSTAVO CARLOS BUSCAGLIA;5368167403557640;2014;2018
GUSTAVO ENRIQUE DE ALMEIDA PRADO ALVES BATISTA;3521622923263530;2014;2018
JO UEYAMA;8098209307634371;2014;2018
JOAO DO ESPIRITO SANTO BATISTA NETO;9129748440846907;2014;2018
JOAO LUIS GARCIA ROSA;7514074129301673;2014;2018
JOAO PORTO DE ALBUQUERQUE PEREIRA;9426650405097319;2014;2018
JOSE ALBERTO CUMINATO;7320090199496500;2014;2018
JOSE CARLOS MALDONADO;8807333466702951;2014;2018
JOSE FERNANDO RODRIGUES JUNIOR;9347760158370905;2014;2018
JULIO CEZAR ESTRELLA;5433967267727516;2014;2018
KALINKA REGINA LUCAS JAQUIE CASTELO BRANCO;3559042497669898;2014;2018
LEANDRO FRANCO DE SOUZA;7491976072797902;2014;2018
LUCIANO DA FONTOURA COSTA;5337976093923686;2014;2018
LUIS GUSTAVO NONATO;3794241680729178;2014;2018
MARCELO GARCIA MANZATO;8598262641668520;2014;2018
MARCIO EDUARDO DELAMARO;2844974351441051;2014;2018
MARCIO FUZETO GAMEIRO;7029133375366014;2014;2018
MARIA CRISTINA FERREIRA DE OLIVEIRA;1278004515460973;2014;2018
MARIA DA GRACA CAMPOS PIMENTEL;4962820320879891;2014;2018
MARIA DAS GRACAS VOLPE NUNES;3549648389944031;2014;2018
MARINA ANDRETTA;2046970162506930;2014;2018
MARISTELA OLIVEIRA DOS SANTOS;0756373063566786;2014;2018
MOACIR ANTONELLI PONTI;5041497500746910;2014;2018
MURILO FRANCISCO TOME;4462292447937016;2014;2018
ODEMIR MARTINEZ BRUNO;4796921913434370;2014;2018
PAULO SERGIO LOPES DE SOUZA;4254001833729264;2014;2018
RENATA PONTIN DE MATTOS FORTES;7082447037374118;2014;2018
RICARDO JOSE GABRIELLI BARRETO CAMPELLO;8839646082565060;2014;2018
ROBERTO FEDERICO AUSAS;1743726998195607;2014;2018
ROBSON LEONARDO FERREIRA CORDEIRO;9869412005300784;2014;2018
RODRIGO FERNANDES DE MELLO;6840478133476887;2014;2018
ROSANA TERESINHA VACCARE BRAGA;5877415967509579;2014;2018
ROSANE MINGHIM;5138799833042314;2014;2018
ROSELI APARECIDA FRANCELIN ROMERO;0241862487783754;2014;2018
RUDINEI GOULARTE;2854771102810220;2014;2018
SANDRA MARIA ALUISIO;4793072701914550;2014;2018
SARITA MAZZINI BRUSCHI;4694142315497364;2014;2018
SEIJI ISOTANI;3030047284254233;2014;2018
SIMONE DO ROCIO SENGER DE SOUZA;7137178343756327;2014;2018
SOLANGE OLIVEIRA REZENDE;8526960535874806;2014;2018
THIAGO ALEXANDRE SALGUEIRO PARDO;7078737101024368;2014;2018
TIAGO PEREIRA DA SILVA;7879216332273376;2014;2018
VANDERLEI BONATO;3185627819021012;2014;2018
ZHAO LIANG;1531713258988427;2014;2018